"tokenid","email","firstname","lastname","phonenumber","orderid"
"1","1mail@woo.com","first woo 1","last woo 1","001","1"
"2","2mail@woo.com","first woo 2","last woo 2","002","2"
"3","3mail@woo.com","first woo 3","last woo 3","003","3"
"4","4mail@woo.com","first woo 4","last woo 4","004","4"
"5","5mail@woo.com","first woo 5","last woo 5","005","5"
"6","6mail@woo.com","first woo 6","last woo 6","006","6"
"7","7mail@woo.com","first woo 7","last woo 7","007","7"
"8","8mail@woo.com","first woo 8","last woo 8","008","8"
"9","9mail@woo.com","first woo 9","last woo 9","009","9"
"10","10mail@woo.com","first woo 10","last woo 10","010","10"
"11","11mail@woo.com","first woo 11","last woo 11","011","11"
"12","12mail@woo.com","first woo 12","last woo 12","012","12"
"13","13mail@woo.com","first woo 13","last woo 13","013","13"
"14","14mail@woo.com","first woo 14","last woo 14","014","14"
"15","15mail@woo.com","first woo 15","last woo 15","015","15"
"16","16mail@woo.com","first woo 16","last woo 16","016","16"
"17","17mail@woo.com","first woo 17","last woo 17","017","17"
"18","18mail@woo.com","first woo 18","last woo 18","018","18"
"19","19mail@woo.com","first woo 19","last woo 19","019","19"
"20","20mail@woo.com","first woo 20","last woo 20","020","20"
"21","21mail@woo.com","first woo 21","last woo 21","021","21"
"22","22mail@woo.com","first woo 22","last woo 22","022","22"
"23","23mail@woo.com","first woo 23","last woo 23","023","23"
"24","24mail@woo.com","first woo 24","last woo 24","024","24"
"25","25mail@woo.com","first woo 25","last woo 25","025","25"
"26","26mail@woo.com","first woo 26","last woo 26","026","26"
"27","27mail@woo.com","first woo 27","last woo 27","027","27"
"28","28mail@woo.com","first woo 28","last woo 28","028","28"
"29","29mail@woo.com","first woo 29","last woo 29","029","29"
"30","30mail@woo.com","first woo 30","last woo 30","030","30"
"31","31mail@woo.com","first woo 31","last woo 31","031","31"
"32","32mail@woo.com","first woo 32","last woo 32","032","32"
"33","33mail@woo.com","first woo 33","last woo 33","033","33"
"34","34mail@woo.com","first woo 34","last woo 34","034","34"
"35","35mail@woo.com","first woo 35","last woo 35","035","35"
"36","36mail@woo.com","first woo 36","last woo 36","036","36"
"37","37mail@woo.com","first woo 37","last woo 37","037","37"
"38","38mail@woo.com","first woo 38","last woo 38","038","38"
"39","39mail@woo.com","first woo 39","last woo 39","039","39"
"40","40mail@woo.com","first woo 40","last woo 40","040","40"
"41","41mail@woo.com","first woo 41","last woo 41","041","41"
"42","42mail@woo.com","first woo 42","last woo 42","042","42"
"43","43mail@woo.com","first woo 43","last woo 43","043","43"
"44","44mail@woo.com","first woo 44","last woo 44","044","44"
"45","45mail@woo.com","first woo 45","last woo 45","045","45"
"46","46mail@woo.com","first woo 46","last woo 46","046","46"
"47","47mail@woo.com","first woo 47","last woo 47","047","47"
"48","48mail@woo.com","first woo 48","last woo 48","048","48"
"49","49mail@woo.com","first woo 49","last woo 49","049","49"
"50","50mail@woo.com","first woo 50","last woo 50","050","50"
"51","51mail@woo.com","first woo 51","last woo 51","051","51"
"52","52mail@woo.com","first woo 52","last woo 52","052","52"
"53","53mail@woo.com","first woo 53","last woo 53","053","53"
"54","54mail@woo.com","first woo 54","last woo 54","054","54"
"55","55mail@woo.com","first woo 55","last woo 55","055","55"
"56","56mail@woo.com","first woo 56","last woo 56","056","56"
"57","57mail@woo.com","first woo 57","last woo 57","057","57"
"58","58mail@woo.com","first woo 58","last woo 58","058","58"
"59","59mail@woo.com","first woo 59","last woo 59","059","59"
"60","60mail@woo.com","first woo 60","last woo 60","060","60"
"61","61mail@woo.com","first woo 61","last woo 61","061","61"
"62","62mail@woo.com","first woo 62","last woo 62","062","62"
"63","63mail@woo.com","first woo 63","last woo 63","063","63"
"64","64mail@woo.com","first woo 64","last woo 64","064","64"
"65","65mail@woo.com","first woo 65","last woo 65","065","65"
"66","66mail@woo.com","first woo 66","last woo 66","066","66"
"67","67mail@woo.com","first woo 67","last woo 67","067","67"
"68","68mail@woo.com","first woo 68","last woo 68","068","68"
"69","69mail@woo.com","first woo 69","last woo 69","069","69"
"70","70mail@woo.com","first woo 70","last woo 70","070","70"
"71","71mail@woo.com","first woo 71","last woo 71","071","71"
"72","72mail@woo.com","first woo 72","last woo 72","072","72"
"73","73mail@woo.com","first woo 73","last woo 73","073","73"
"74","74mail@woo.com","first woo 74","last woo 74","074","74"
"75","75mail@woo.com","first woo 75","last woo 75","075","75"
"76","76mail@woo.com","first woo 76","last woo 76","076","76"
"77","77mail@woo.com","first woo 77","last woo 77","077","77"
"78","78mail@woo.com","first woo 78","last woo 78","078","78"
"79","79mail@woo.com","first woo 79","last woo 79","079","79"
"80","80mail@woo.com","first woo 80","last woo 80","080","80"
"81","81mail@woo.com","first woo 81","last woo 81","081","81"
"82","82mail@woo.com","first woo 82","last woo 82","082","82"
"83","83mail@woo.com","first woo 83","last woo 83","083","83"
"84","84mail@woo.com","first woo 84","last woo 84","084","84"
"85","85mail@woo.com","first woo 85","last woo 85","085","85"
"86","86mail@woo.com","first woo 86","last woo 86","086","86"
"87","87mail@woo.com","first woo 87","last woo 87","087","87"
"88","88mail@woo.com","first woo 88","last woo 88","088","88"
"89","89mail@woo.com","first woo 89","last woo 89","089","89"
"90","90mail@woo.com","first woo 90","last woo 90","090","90"
"91","91mail@woo.com","first woo 91","last woo 91","091","91"
"92","92mail@woo.com","first woo 92","last woo 92","092","92"
"93","93mail@woo.com","first woo 93","last woo 93","093","93"
"94","94mail@woo.com","first woo 94","last woo 94","094","94"
"95","95mail@woo.com","first woo 95","last woo 95","095","95"
"96","96mail@woo.com","first woo 96","last woo 96","096","96"
"97","97mail@woo.com","first woo 97","last woo 97","097","97"
"98","98mail@woo.com","first woo 98","last woo 98","098","98"
"99","99mail@woo.com","first woo 99","last woo 99","099","99"
"100","100mail@woo.com","first woo 100","last woo 100","100","100"
"101","101mail@woo.com","first woo 101","last woo 101","101","101"
"102","102mail@woo.com","first woo 102","last woo 102","102","102"
"103","103mail@woo.com","first woo 103","last woo 103","103","103"
"104","104mail@woo.com","first woo 104","last woo 104","104","104"
"105","105mail@woo.com","first woo 105","last woo 105","105","105"
"106","106mail@woo.com","first woo 106","last woo 106","106","106"
"107","107mail@woo.com","first woo 107","last woo 107","107","107"
"108","108mail@woo.com","first woo 108","last woo 108","108","108"
"109","109mail@woo.com","first woo 109","last woo 109","109","109"
"110","110mail@woo.com","first woo 110","last woo 110","110","110"
"111","111mail@woo.com","first woo 111","last woo 111","111","111"
"112","112mail@woo.com","first woo 112","last woo 112","112","112"
"113","113mail@woo.com","first woo 113","last woo 113","113","113"
"114","114mail@woo.com","first woo 114","last woo 114","114","114"
"115","115mail@woo.com","first woo 115","last woo 115","115","115"
"116","116mail@woo.com","first woo 116","last woo 116","116","116"
"117","117mail@woo.com","first woo 117","last woo 117","117","117"
"118","118mail@woo.com","first woo 118","last woo 118","118","118"
"119","119mail@woo.com","first woo 119","last woo 119","119","119"
"120","120mail@woo.com","first woo 120","last woo 120","120","120"
"121","121mail@woo.com","first woo 121","last woo 121","121","121"
"122","122mail@woo.com","first woo 122","last woo 122","122","122"
"123","123mail@woo.com","first woo 123","last woo 123","123","123"
"124","124mail@woo.com","first woo 124","last woo 124","124","124"
"125","125mail@woo.com","first woo 125","last woo 125","125","125"
"126","126mail@woo.com","first woo 126","last woo 126","126","126"
"127","127mail@woo.com","first woo 127","last woo 127","127","127"
"128","128mail@woo.com","first woo 128","last woo 128","128","128"
"129","129mail@woo.com","first woo 129","last woo 129","129","129"
"130","130mail@woo.com","first woo 130","last woo 130","130","130"
"131","131mail@woo.com","first woo 131","last woo 131","131","131"
"132","132mail@woo.com","first woo 132","last woo 132","132","132"
"133","133mail@woo.com","first woo 133","last woo 133","133","133"
"134","134mail@woo.com","first woo 134","last woo 134","134","134"
"135","135mail@woo.com","first woo 135","last woo 135","135","135"
"136","136mail@woo.com","first woo 136","last woo 136","136","136"
"137","137mail@woo.com","first woo 137","last woo 137","137","137"
"138","138mail@woo.com","first woo 138","last woo 138","138","138"
"139","139mail@woo.com","first woo 139","last woo 139","139","139"
"140","140mail@woo.com","first woo 140","last woo 140","140","140"
"141","141mail@woo.com","first woo 141","last woo 141","141","141"
"142","142mail@woo.com","first woo 142","last woo 142","142","142"
"143","143mail@woo.com","first woo 143","last woo 143","143","143"
"144","144mail@woo.com","first woo 144","last woo 144","144","144"
"145","145mail@woo.com","first woo 145","last woo 145","145","145"
"146","146mail@woo.com","first woo 146","last woo 146","146","146"
"147","147mail@woo.com","first woo 147","last woo 147","147","147"
"148","148mail@woo.com","first woo 148","last woo 148","148","148"
"149","149mail@woo.com","first woo 149","last woo 149","149","149"
"150","150mail@woo.com","first woo 150","last woo 150","150","150"
"151","151mail@woo.com","first woo 151","last woo 151","151","151"
"152","152mail@woo.com","first woo 152","last woo 152","152","152"
"153","153mail@woo.com","first woo 153","last woo 153","153","153"
"154","154mail@woo.com","first woo 154","last woo 154","154","154"
"155","155mail@woo.com","first woo 155","last woo 155","155","155"
"156","156mail@woo.com","first woo 156","last woo 156","156","156"
"157","157mail@woo.com","first woo 157","last woo 157","157","157"
"158","158mail@woo.com","first woo 158","last woo 158","158","158"
"159","159mail@woo.com","first woo 159","last woo 159","159","159"
"160","160mail@woo.com","first woo 160","last woo 160","160","160"
"161","161mail@woo.com","first woo 161","last woo 161","161","161"
"162","162mail@woo.com","first woo 162","last woo 162","162","162"
"163","163mail@woo.com","first woo 163","last woo 163","163","163"
"164","164mail@woo.com","first woo 164","last woo 164","164","164"
"165","165mail@woo.com","first woo 165","last woo 165","165","165"
"166","166mail@woo.com","first woo 166","last woo 166","166","166"
"167","167mail@woo.com","first woo 167","last woo 167","167","167"
"168","168mail@woo.com","first woo 168","last woo 168","168","168"
"169","169mail@woo.com","first woo 169","last woo 169","169","169"
"170","170mail@woo.com","first woo 170","last woo 170","170","170"
"171","171mail@woo.com","first woo 171","last woo 171","171","171"
"172","172mail@woo.com","first woo 172","last woo 172","172","172"
"173","173mail@woo.com","first woo 173","last woo 173","173","173"
"174","174mail@woo.com","first woo 174","last woo 174","174","174"
"175","175mail@woo.com","first woo 175","last woo 175","175","175"
"176","176mail@woo.com","first woo 176","last woo 176","176","176"
"177","177mail@woo.com","first woo 177","last woo 177","177","177"
"178","178mail@woo.com","first woo 178","last woo 178","178","178"
"179","179mail@woo.com","first woo 179","last woo 179","179","179"
"180","180mail@woo.com","first woo 180","last woo 180","180","180"
"181","181mail@woo.com","first woo 181","last woo 181","181","181"
"182","182mail@woo.com","first woo 182","last woo 182","182","182"
"183","183mail@woo.com","first woo 183","last woo 183","183","183"
"184","184mail@woo.com","first woo 184","last woo 184","184","184"
"185","185mail@woo.com","first woo 185","last woo 185","185","185"
"186","186mail@woo.com","first woo 186","last woo 186","186","186"
"187","187mail@woo.com","first woo 187","last woo 187","187","187"
"188","188mail@woo.com","first woo 188","last woo 188","188","188"
"189","189mail@woo.com","first woo 189","last woo 189","189","189"
"190","190mail@woo.com","first woo 190","last woo 190","190","190"
"191","191mail@woo.com","first woo 191","last woo 191","191","191"
"192","192mail@woo.com","first woo 192","last woo 192","192","192"
"193","193mail@woo.com","first woo 193","last woo 193","193","193"
"194","194mail@woo.com","first woo 194","last woo 194","194","194"
"195","195mail@woo.com","first woo 195","last woo 195","195","195"
"196","196mail@woo.com","first woo 196","last woo 196","196","196"
"197","197mail@woo.com","first woo 197","last woo 197","197","197"
"198","198mail@woo.com","first woo 198","last woo 198","198","198"
"199","199mail@woo.com","first woo 199","last woo 199","199","199"
"200","200mail@woo.com","first woo 200","last woo 200","200","200"
"201","201mail@woo.com","first woo 201","last woo 201","201","201"
"202","202mail@woo.com","first woo 202","last woo 202","202","202"
"203","203mail@woo.com","first woo 203","last woo 203","203","203"
"204","204mail@woo.com","first woo 204","last woo 204","204","204"
"205","205mail@woo.com","first woo 205","last woo 205","205","205"
"206","206mail@woo.com","first woo 206","last woo 206","206","206"
"207","207mail@woo.com","first woo 207","last woo 207","207","207"
"208","208mail@woo.com","first woo 208","last woo 208","208","208"
"209","209mail@woo.com","first woo 209","last woo 209","209","209"
"210","210mail@woo.com","first woo 210","last woo 210","210","210"
"211","211mail@woo.com","first woo 211","last woo 211","211","211"
"212","212mail@woo.com","first woo 212","last woo 212","212","212"
"213","213mail@woo.com","first woo 213","last woo 213","213","213"
"214","214mail@woo.com","first woo 214","last woo 214","214","214"
"215","215mail@woo.com","first woo 215","last woo 215","215","215"
"216","216mail@woo.com","first woo 216","last woo 216","216","216"
"217","217mail@woo.com","first woo 217","last woo 217","217","217"
"218","218mail@woo.com","first woo 218","last woo 218","218","218"
"219","219mail@woo.com","first woo 219","last woo 219","219","219"
"220","220mail@woo.com","first woo 220","last woo 220","220","220"
"221","221mail@woo.com","first woo 221","last woo 221","221","221"
"222","222mail@woo.com","first woo 222","last woo 222","222","222"
"223","223mail@woo.com","first woo 223","last woo 223","223","223"
"224","224mail@woo.com","first woo 224","last woo 224","224","224"
"225","225mail@woo.com","first woo 225","last woo 225","225","225"
"226","226mail@woo.com","first woo 226","last woo 226","226","226"
"227","227mail@woo.com","first woo 227","last woo 227","227","227"
"228","228mail@woo.com","first woo 228","last woo 228","228","228"
"229","229mail@woo.com","first woo 229","last woo 229","229","229"
"230","230mail@woo.com","first woo 230","last woo 230","230","230"
"231","231mail@woo.com","first woo 231","last woo 231","231","231"
"232","232mail@woo.com","first woo 232","last woo 232","232","232"
"233","233mail@woo.com","first woo 233","last woo 233","233","233"
"234","234mail@woo.com","first woo 234","last woo 234","234","234"
"235","235mail@woo.com","first woo 235","last woo 235","235","235"
"236","236mail@woo.com","first woo 236","last woo 236","236","236"
"237","237mail@woo.com","first woo 237","last woo 237","237","237"
"238","238mail@woo.com","first woo 238","last woo 238","238","238"
"239","239mail@woo.com","first woo 239","last woo 239","239","239"
"240","240mail@woo.com","first woo 240","last woo 240","240","240"
"241","241mail@woo.com","first woo 241","last woo 241","241","241"
"242","242mail@woo.com","first woo 242","last woo 242","242","242"
"243","243mail@woo.com","first woo 243","last woo 243","243","243"
"244","244mail@woo.com","first woo 244","last woo 244","244","244"
"245","245mail@woo.com","first woo 245","last woo 245","245","245"
"246","246mail@woo.com","first woo 246","last woo 246","246","246"
"247","247mail@woo.com","first woo 247","last woo 247","247","247"
"248","248mail@woo.com","first woo 248","last woo 248","248","248"
"249","249mail@woo.com","first woo 249","last woo 249","249","249"
"250","250mail@woo.com","first woo 250","last woo 250","250","250"
"251","251mail@woo.com","first woo 251","last woo 251","251","251"
"252","252mail@woo.com","first woo 252","last woo 252","252","252"
"253","253mail@woo.com","first woo 253","last woo 253","253","253"
"254","254mail@woo.com","first woo 254","last woo 254","254","254"
"255","255mail@woo.com","first woo 255","last woo 255","255","255"
"256","256mail@woo.com","first woo 256","last woo 256","256","256"
"257","257mail@woo.com","first woo 257","last woo 257","257","257"
"258","258mail@woo.com","first woo 258","last woo 258","258","258"
"259","259mail@woo.com","first woo 259","last woo 259","259","259"
"260","260mail@woo.com","first woo 260","last woo 260","260","260"
"261","261mail@woo.com","first woo 261","last woo 261","261","261"
"262","262mail@woo.com","first woo 262","last woo 262","262","262"
"263","263mail@woo.com","first woo 263","last woo 263","263","263"
"264","264mail@woo.com","first woo 264","last woo 264","264","264"
"265","265mail@woo.com","first woo 265","last woo 265","265","265"
"266","266mail@woo.com","first woo 266","last woo 266","266","266"
"267","267mail@woo.com","first woo 267","last woo 267","267","267"
"268","268mail@woo.com","first woo 268","last woo 268","268","268"
"269","269mail@woo.com","first woo 269","last woo 269","269","269"
"270","270mail@woo.com","first woo 270","last woo 270","270","270"
"271","271mail@woo.com","first woo 271","last woo 271","271","271"
"272","272mail@woo.com","first woo 272","last woo 272","272","272"
"273","273mail@woo.com","first woo 273","last woo 273","273","273"
"274","274mail@woo.com","first woo 274","last woo 274","274","274"
"275","275mail@woo.com","first woo 275","last woo 275","275","275"
"276","276mail@woo.com","first woo 276","last woo 276","276","276"
"277","277mail@woo.com","first woo 277","last woo 277","277","277"
"278","278mail@woo.com","first woo 278","last woo 278","278","278"
"279","279mail@woo.com","first woo 279","last woo 279","279","279"
"280","280mail@woo.com","first woo 280","last woo 280","280","280"
"281","281mail@woo.com","first woo 281","last woo 281","281","281"
"282","282mail@woo.com","first woo 282","last woo 282","282","282"
"283","283mail@woo.com","first woo 283","last woo 283","283","283"
"284","284mail@woo.com","first woo 284","last woo 284","284","284"
"285","285mail@woo.com","first woo 285","last woo 285","285","285"
"286","286mail@woo.com","first woo 286","last woo 286","286","286"
"287","287mail@woo.com","first woo 287","last woo 287","287","287"
"288","288mail@woo.com","first woo 288","last woo 288","288","288"
"289","289mail@woo.com","first woo 289","last woo 289","289","289"
"290","290mail@woo.com","first woo 290","last woo 290","290","290"
"291","291mail@woo.com","first woo 291","last woo 291","291","291"
"292","292mail@woo.com","first woo 292","last woo 292","292","292"
"293","293mail@woo.com","first woo 293","last woo 293","293","293"
"294","294mail@woo.com","first woo 294","last woo 294","294","294"
"295","295mail@woo.com","first woo 295","last woo 295","295","295"
"296","296mail@woo.com","first woo 296","last woo 296","296","296"
"297","297mail@woo.com","first woo 297","last woo 297","297","297"
"298","298mail@woo.com","first woo 298","last woo 298","298","298"
"299","299mail@woo.com","first woo 299","last woo 299","299","299"
"300","300mail@woo.com","first woo 300","last woo 300","300","300"
"301","301mail@woo.com","first woo 301","last woo 301","301","301"
"302","302mail@woo.com","first woo 302","last woo 302","302","302"
"303","303mail@woo.com","first woo 303","last woo 303","303","303"
"304","304mail@woo.com","first woo 304","last woo 304","304","304"
"305","305mail@woo.com","first woo 305","last woo 305","305","305"
"306","306mail@woo.com","first woo 306","last woo 306","306","306"
"307","307mail@woo.com","first woo 307","last woo 307","307","307"
"308","308mail@woo.com","first woo 308","last woo 308","308","308"
"309","309mail@woo.com","first woo 309","last woo 309","309","309"
"310","310mail@woo.com","first woo 310","last woo 310","310","310"
"311","311mail@woo.com","first woo 311","last woo 311","311","311"
"312","312mail@woo.com","first woo 312","last woo 312","312","312"
"313","313mail@woo.com","first woo 313","last woo 313","313","313"
"314","314mail@woo.com","first woo 314","last woo 314","314","314"
"315","315mail@woo.com","first woo 315","last woo 315","315","315"
"316","316mail@woo.com","first woo 316","last woo 316","316","316"
"317","317mail@woo.com","first woo 317","last woo 317","317","317"
"318","318mail@woo.com","first woo 318","last woo 318","318","318"
"319","319mail@woo.com","first woo 319","last woo 319","319","319"
"320","320mail@woo.com","first woo 320","last woo 320","320","320"
"321","321mail@woo.com","first woo 321","last woo 321","321","321"
"322","322mail@woo.com","first woo 322","last woo 322","322","322"
"323","323mail@woo.com","first woo 323","last woo 323","323","323"
"324","324mail@woo.com","first woo 324","last woo 324","324","324"
"325","325mail@woo.com","first woo 325","last woo 325","325","325"
"326","326mail@woo.com","first woo 326","last woo 326","326","326"
"327","327mail@woo.com","first woo 327","last woo 327","327","327"
"328","328mail@woo.com","first woo 328","last woo 328","328","328"
"329","329mail@woo.com","first woo 329","last woo 329","329","329"
"330","330mail@woo.com","first woo 330","last woo 330","330","330"
"331","331mail@woo.com","first woo 331","last woo 331","331","331"
"332","332mail@woo.com","first woo 332","last woo 332","332","332"
"333","333mail@woo.com","first woo 333","last woo 333","333","333"
"334","334mail@woo.com","first woo 334","last woo 334","334","334"
"335","335mail@woo.com","first woo 335","last woo 335","335","335"
"336","336mail@woo.com","first woo 336","last woo 336","336","336"
"337","337mail@woo.com","first woo 337","last woo 337","337","337"
"338","338mail@woo.com","first woo 338","last woo 338","338","338"
"339","339mail@woo.com","first woo 339","last woo 339","339","339"
"340","340mail@woo.com","first woo 340","last woo 340","340","340"
"341","341mail@woo.com","first woo 341","last woo 341","341","341"
"342","342mail@woo.com","first woo 342","last woo 342","342","342"
"343","343mail@woo.com","first woo 343","last woo 343","343","343"
"344","344mail@woo.com","first woo 344","last woo 344","344","344"
"345","345mail@woo.com","first woo 345","last woo 345","345","345"
"346","346mail@woo.com","first woo 346","last woo 346","346","346"
"347","347mail@woo.com","first woo 347","last woo 347","347","347"
"348","348mail@woo.com","first woo 348","last woo 348","348","348"
"349","349mail@woo.com","first woo 349","last woo 349","349","349"
"350","350mail@woo.com","first woo 350","last woo 350","350","350"
"351","351mail@woo.com","first woo 351","last woo 351","351","351"
"352","352mail@woo.com","first woo 352","last woo 352","352","352"
"353","353mail@woo.com","first woo 353","last woo 353","353","353"
"354","354mail@woo.com","first woo 354","last woo 354","354","354"
"355","355mail@woo.com","first woo 355","last woo 355","355","355"
"356","356mail@woo.com","first woo 356","last woo 356","356","356"
"357","357mail@woo.com","first woo 357","last woo 357","357","357"
"358","358mail@woo.com","first woo 358","last woo 358","358","358"
"359","359mail@woo.com","first woo 359","last woo 359","359","359"
"360","360mail@woo.com","first woo 360","last woo 360","360","360"
"361","361mail@woo.com","first woo 361","last woo 361","361","361"
"362","362mail@woo.com","first woo 362","last woo 362","362","362"
"363","363mail@woo.com","first woo 363","last woo 363","363","363"
"364","364mail@woo.com","first woo 364","last woo 364","364","364"
"365","365mail@woo.com","first woo 365","last woo 365","365","365"
"366","366mail@woo.com","first woo 366","last woo 366","366","366"
"367","367mail@woo.com","first woo 367","last woo 367","367","367"
"368","368mail@woo.com","first woo 368","last woo 368","368","368"
"369","369mail@woo.com","first woo 369","last woo 369","369","369"
"370","370mail@woo.com","first woo 370","last woo 370","370","370"
"371","371mail@woo.com","first woo 371","last woo 371","371","371"
"372","372mail@woo.com","first woo 372","last woo 372","372","372"
"373","373mail@woo.com","first woo 373","last woo 373","373","373"
"374","374mail@woo.com","first woo 374","last woo 374","374","374"
"375","375mail@woo.com","first woo 375","last woo 375","375","375"
"376","376mail@woo.com","first woo 376","last woo 376","376","376"
"377","377mail@woo.com","first woo 377","last woo 377","377","377"
"378","378mail@woo.com","first woo 378","last woo 378","378","378"
"379","379mail@woo.com","first woo 379","last woo 379","379","379"
"380","380mail@woo.com","first woo 380","last woo 380","380","380"
"381","381mail@woo.com","first woo 381","last woo 381","381","381"
"382","382mail@woo.com","first woo 382","last woo 382","382","382"
"383","383mail@woo.com","first woo 383","last woo 383","383","383"
"384","384mail@woo.com","first woo 384","last woo 384","384","384"
"385","385mail@woo.com","first woo 385","last woo 385","385","385"
"386","386mail@woo.com","first woo 386","last woo 386","386","386"
"387","387mail@woo.com","first woo 387","last woo 387","387","387"
"388","388mail@woo.com","first woo 388","last woo 388","388","388"
"389","389mail@woo.com","first woo 389","last woo 389","389","389"
"390","390mail@woo.com","first woo 390","last woo 390","390","390"
"391","391mail@woo.com","first woo 391","last woo 391","391","391"
"392","392mail@woo.com","first woo 392","last woo 392","392","392"
"393","393mail@woo.com","first woo 393","last woo 393","393","393"
"394","394mail@woo.com","first woo 394","last woo 394","394","394"
"395","395mail@woo.com","first woo 395","last woo 395","395","395"
"396","396mail@woo.com","first woo 396","last woo 396","396","396"
"397","397mail@woo.com","first woo 397","last woo 397","397","397"
"398","398mail@woo.com","first woo 398","last woo 398","398","398"
"399","399mail@woo.com","first woo 399","last woo 399","399","399"
"400","400mail@woo.com","first woo 400","last woo 400","400","400"
"401","401mail@woo.com","first woo 401","last woo 401","401","401"
"402","402mail@woo.com","first woo 402","last woo 402","402","402"
"403","403mail@woo.com","first woo 403","last woo 403","403","403"
"404","404mail@woo.com","first woo 404","last woo 404","404","404"
"405","405mail@woo.com","first woo 405","last woo 405","405","405"
"406","406mail@woo.com","first woo 406","last woo 406","406","406"
"407","407mail@woo.com","first woo 407","last woo 407","407","407"
"408","408mail@woo.com","first woo 408","last woo 408","408","408"
"409","409mail@woo.com","first woo 409","last woo 409","409","409"
"410","410mail@woo.com","first woo 410","last woo 410","410","410"
"411","411mail@woo.com","first woo 411","last woo 411","411","411"
"412","412mail@woo.com","first woo 412","last woo 412","412","412"
"413","413mail@woo.com","first woo 413","last woo 413","413","413"
"414","414mail@woo.com","first woo 414","last woo 414","414","414"
"415","415mail@woo.com","first woo 415","last woo 415","415","415"
"416","416mail@woo.com","first woo 416","last woo 416","416","416"
"417","417mail@woo.com","first woo 417","last woo 417","417","417"
"418","418mail@woo.com","first woo 418","last woo 418","418","418"
"419","419mail@woo.com","first woo 419","last woo 419","419","419"
"420","420mail@woo.com","first woo 420","last woo 420","420","420"
"421","421mail@woo.com","first woo 421","last woo 421","421","421"
"422","422mail@woo.com","first woo 422","last woo 422","422","422"
"423","423mail@woo.com","first woo 423","last woo 423","423","423"
"424","424mail@woo.com","first woo 424","last woo 424","424","424"
"425","425mail@woo.com","first woo 425","last woo 425","425","425"
"426","426mail@woo.com","first woo 426","last woo 426","426","426"
"427","427mail@woo.com","first woo 427","last woo 427","427","427"
"428","428mail@woo.com","first woo 428","last woo 428","428","428"
"429","429mail@woo.com","first woo 429","last woo 429","429","429"
